matrix_size,num_blocks,block_size,block_memory,scheduler,wall_time,real_time,max_rss_kb,run_number,timestamp
2048,1,2048,33554432,sequential,0.056382,0.3,80520,0,2025-11-11T16:12:02.845779
2048,1,2048,33554432,sequential,0.056829,0.31,79268,1,2025-11-11T16:12:04.879623
2048,1,2048,33554432,sequential,0.057628,0.26,80296,2,2025-11-11T16:12:08.921706
2048,1,2048,33554432,sequential,0.056517,0.26,79472,3,2025-11-11T16:12:10.955690
2048,1,2048,33554432,sequential,0.056088,0.29,79832,4,2025-11-11T16:12:12.988952
2048,1,2048,33554432,omp-task,0.134439,0.36,151548,0,2025-11-11T16:12:17.057106
2048,1,2048,33554432,omp-task,0.1343,0.36,154396,1,2025-11-11T16:12:21.099373
2048,1,2048,33554432,omp-task,0.134282,0.36,149808,2,2025-11-11T16:12:23.132824
2048,1,2048,33554432,omp-task,0.134357,0.34,151004,3,2025-11-11T16:12:27.173992
2048,1,2048,33554432,omp-task,0.133993,0.38,151008,4,2025-11-11T16:12:31.216099
2048,1,2048,33554432,virtual-fifo,0.147523,0.37,185976,0,2025-11-11T16:12:41.308368
2048,1,2048,33554432,virtual-fifo,0.147802,0.36,188444,1,2025-11-11T16:12:43.342376
2048,1,2048,33554432,virtual-fifo,0.147345,0.35,188748,2,2025-11-11T16:12:47.384572
2048,1,2048,33554432,virtual-fifo,0.120187,0.35,180624,3,2025-11-11T16:12:49.417351
2048,1,2048,33554432,virtual-fifo,0.147178,0.36,184128,4,2025-11-11T16:12:51.450586
2048,2,1024,8388608,sequential,0.053978,0.28,76416,0,2025-11-11T16:12:57.525841
2048,2,1024,8388608,sequential,0.054181,0.28,76904,1,2025-11-11T16:12:59.561740
2048,2,1024,8388608,sequential,0.054482,0.26,76604,2,2025-11-11T16:13:03.604223
2048,2,1024,8388608,sequential,0.053714,0.3,76724,3,2025-11-11T16:13:05.638142
2048,2,1024,8388608,sequential,0.054436,0.26,77100,4,2025-11-11T16:13:09.680641
2048,2,1024,8388608,omp-task,0.158553,0.37,159828,0,2025-11-11T16:13:15.756054
2048,2,1024,8388608,omp-task,0.132029,0.33,147432,1,2025-11-11T16:13:19.799210
2048,2,1024,8388608,omp-task,0.18353,0.41,162372,2,2025-11-11T16:13:21.831465
2048,2,1024,8388608,omp-task,0.132182,0.34,143024,3,2025-11-11T16:13:23.863738
2048,2,1024,8388608,omp-task,0.122235,0.39,153088,4,2025-11-11T16:13:27.905622
2048,2,1024,8388608,virtual-fifo,0.151607,0.39,187012,0,2025-11-11T16:13:33.981714
2048,2,1024,8388608,virtual-fifo,0.150663,0.36,200868,1,2025-11-11T16:13:36.016335
2048,2,1024,8388608,virtual-fifo,0.150966,0.39,179708,2,2025-11-11T16:13:40.059034
2048,2,1024,8388608,virtual-fifo,0.152868,0.37,200880,3,2025-11-11T16:13:42.093459
2048,2,1024,8388608,virtual-fifo,0.136576,0.37,184524,4,2025-11-11T16:13:46.135192
2048,4,512,2097152,sequential,0.055048,0.28,75056,0,2025-11-11T16:13:52.210403
2048,4,512,2097152,sequential,0.055016,0.25,74676,1,2025-11-11T16:13:54.243940
2048,4,512,2097152,sequential,0.055065,0.29,75056,2,2025-11-11T16:13:58.286674
2048,4,512,2097152,sequential,0.055598,0.25,74704,3,2025-11-11T16:14:00.323390
2048,4,512,2097152,sequential,0.055995,0.29,74288,4,2025-11-11T16:14:04.364934
2048,4,512,2097152,omp-task,0.064525,0.31,165964,0,2025-11-11T16:14:10.439305
2048,4,512,2097152,omp-task,0.063948,0.3,152496,1,2025-11-11T16:14:12.473245
2048,4,512,2097152,omp-task,0.066836,0.27,163876,3,2025-11-11T16:14:18.549097
2048,4,512,2097152,omp-task,0.06927,0.3,160268,4,2025-11-11T16:14:22.591732
2048,4,512,2097152,virtual-fifo,0.189075,0.41,195392,1,2025-11-11T16:14:30.700488
2048,4,512,2097152,virtual-fifo,0.190201,0.41,196880,2,2025-11-11T16:14:34.742017
2048,4,512,2097152,virtual-fifo,0.189978,0.43,201472,3,2025-11-11T16:14:36.773943
2048,4,512,2097152,virtual-fifo,0.190403,0.43,197372,4,2025-11-11T16:14:40.814417
2048,8,256,524288,sequential,0.054124,0.27,75068,0,2025-11-11T16:14:46.889902
2048,8,256,524288,sequential,0.054656,0.29,75840,1,2025-11-11T16:14:48.924444
2048,8,256,524288,sequential,0.056206,0.29,75452,2,2025-11-11T16:14:52.966930
2048,8,256,524288,sequential,0.054974,0.3,75056,3,2025-11-11T16:14:55.000456
2048,8,256,524288,sequential,0.054635,0.29,76032,4,2025-11-11T16:14:59.041587
2048,8,256,524288,omp-task,0.033783,0.26,201068,0,2025-11-11T16:15:07.128130
2048,8,256,524288,omp-task,0.038388,0.29,207424,1,2025-11-11T16:15:09.162357
2048,8,256,524288,omp-task,0.039077,0.29,205308,2,2025-11-11T16:15:13.203751
2048,8,256,524288,omp-task,0.038502,0.26,195672,3,2025-11-11T16:15:17.245035
2048,8,256,524288,omp-task,0.036543,0.26,180660,4,2025-11-11T16:15:19.278861
2048,8,256,524288,virtual-fifo,0.215022,0.48,263828,0,2025-11-11T16:15:25.355612
2048,8,256,524288,virtual-fifo,0.217824,0.48,273556,1,2025-11-11T16:15:27.389134
2048,8,256,524288,virtual-fifo,0.216628,0.44,280836,2,2025-11-11T16:15:31.431633
2048,8,256,524288,virtual-fifo,0.216078,0.49,262708,3,2025-11-11T16:15:35.473946
2048,8,256,524288,virtual-fifo,0.215766,0.46,257376,4,2025-11-11T16:15:37.506895
2048,16,128,131072,sequential,0.050404,0.28,74288,0,2025-11-11T16:15:41.574328
2048,16,128,131072,sequential,0.050501,0.29,74320,1,2025-11-11T16:15:45.617307
2048,16,128,131072,sequential,0.050346,0.3,75060,2,2025-11-11T16:15:49.658639
2048,16,128,131072,sequential,0.051672,0.31,75104,3,2025-11-11T16:15:51.692382
2048,16,128,131072,sequential,0.053274,0.27,75088,4,2025-11-11T16:15:53.725765
2048,16,128,131072,omp-task,0.029488,0.25,240064,0,2025-11-11T16:15:59.802778
2048,16,128,131072,omp-task,0.029054,0.25,245748,1,2025-11-11T16:16:03.846078
2048,16,128,131072,omp-task,0.02768,0.27,256872,2,2025-11-11T16:16:07.888355
2048,16,128,131072,omp-task,0.027944,0.27,248364,3,2025-11-11T16:16:09.921311
2048,16,128,131072,omp-task,0.027106,0.25,240800,4,2025-11-11T16:16:11.966307
2048,16,128,131072,virtual-fifo,0.289967,0.55,357316,0,2025-11-11T16:16:16.033915
2048,16,128,131072,virtual-fifo,0.289906,0.52,356324,1,2025-11-11T16:16:18.189797
2048,16,128,131072,virtual-fifo,0.291432,0.56,377684,2,2025-11-11T16:16:22.231178
2048,16,128,131072,virtual-fifo,0.291735,0.55,374084,3,2025-11-11T16:16:24.264337
2048,16,128,131072,virtual-fifo,0.291903,0.54,367920,4,2025-11-11T16:16:28.306871
2048,32,64,32768,sequential,0.055834,0.29,74688,0,2025-11-11T16:16:36.391693
2048,32,64,32768,sequential,0.055712,0.3,75072,1,2025-11-11T16:16:40.434498
2048,32,64,32768,sequential,0.061572,0.27,74304,2,2025-11-11T16:16:42.468492
2048,32,64,32768,omp-task,0.029982,0.26,225740,0,2025-11-11T16:16:54.614960
2048,32,64,32768,omp-task,0.031078,0.25,214576,1,2025-11-11T16:16:56.648313
2048,32,64,32768,omp-task,0.031989,0.27,215532,2,2025-11-11T16:17:00.690981
2048,32,64,32768,omp-task,0.033048,0.28,219332,3,2025-11-11T16:17:02.727810
2048,32,64,32768,omp-task,0.032851,0.26,219724,4,2025-11-11T16:17:06.770225
4096,1,4096,134217728,sequential,0.3463,1.14,282888,0,2025-11-11T16:17:12.846079
4096,1,4096,134217728,sequential,0.350759,1.16,282556,1,2025-11-11T16:17:16.888636
4096,1,4096,134217728,sequential,0.343132,1.18,282500,2,2025-11-11T16:17:20.930938
4096,1,4096,134217728,sequential,0.345961,1.15,282288,3,2025-11-11T16:17:22.964992
4096,1,4096,134217728,sequential,0.346145,1.14,282540,4,2025-11-11T16:17:27.007165
4096,1,4096,134217728,omp-task,0.773901,1.56,352836,0,2025-11-11T16:17:35.090364
4096,1,4096,134217728,omp-task,0.772486,1.59,349864,1,2025-11-11T16:17:41.140236
4096,1,4096,134217728,omp-task,0.773523,1.58,368132,2,2025-11-11T16:17:43.173082
4096,1,4096,134217728,omp-task,0.77388,1.57,357848,3,2025-11-11T16:17:47.215376
4096,1,4096,134217728,omp-task,0.772931,1.6,354360,4,2025-11-11T16:17:53.265788
4096,1,4096,134217728,virtual-fifo,0.825299,1.66,494256,0,2025-11-11T16:18:05.369490
4096,1,4096,134217728,virtual-fifo,0.820417,1.61,485816,1,2025-11-11T16:18:09.411715
4096,1,4096,134217728,virtual-fifo,0.819224,1.63,483776,2,2025-11-11T16:18:13.454031
4096,1,4096,134217728,virtual-fifo,0.81855,1.63,475812,3,2025-11-11T16:18:17.496758
4096,1,4096,134217728,virtual-fifo,0.818269,1.64,481592,4,2025-11-11T16:18:21.539209
4096,2,2048,33554432,sequential,0.344569,1.13,277600,0,2025-11-11T16:18:27.615756
4096,2,2048,33554432,sequential,0.348858,1.12,277592,1,2025-11-11T16:18:31.657161
4096,2,2048,33554432,sequential,0.345468,1.14,275712,2,2025-11-11T16:18:33.690735
4096,2,2048,33554432,sequential,0.346419,1.14,276808,3,2025-11-11T16:18:37.732235
4096,2,2048,33554432,sequential,0.344589,1.15,277524,4,2025-11-11T16:18:41.773690
4096,2,2048,33554432,omp-task,0.785072,1.58,344140,0,2025-11-11T16:18:49.854008
4096,2,2048,33554432,omp-task,0.783893,1.58,347960,1,2025-11-11T16:18:51.886376
4096,2,2048,33554432,omp-task,0.785976,1.57,350672,2,2025-11-11T16:18:55.927424
4096,2,2048,33554432,omp-task,0.786401,1.59,343668,3,2025-11-11T16:18:57.959525
4096,2,2048,33554432,omp-task,0.786521,1.59,360164,4,2025-11-11T16:19:02.001536
4096,2,2048,33554432,virtual-fifo,0.841755,1.64,520340,0,2025-11-11T16:19:14.104086
4096,2,2048,33554432,virtual-fifo,0.85704,1.67,521860,1,2025-11-11T16:19:20.154323
4096,2,2048,33554432,virtual-fifo,0.857538,1.67,512572,2,2025-11-11T16:19:24.195803
4096,2,2048,33554432,virtual-fifo,0.870655,1.66,507912,3,2025-11-11T16:19:28.237622
4096,2,2048,33554432,virtual-fifo,0.85827,1.66,509632,4,2025-11-11T16:19:32.279365
4096,4,1024,8388608,sequential,0.358896,1.11,272768,0,2025-11-11T16:19:40.363110
4096,4,1024,8388608,sequential,0.354805,1.14,273248,1,2025-11-11T16:19:42.396261
4096,4,1024,8388608,sequential,0.346448,1.12,273432,2,2025-11-11T16:19:46.436932
4096,4,1024,8388608,sequential,0.349745,1.17,274088,3,2025-11-11T16:19:48.469962
4096,4,1024,8388608,sequential,0.352175,1.16,273216,4,2025-11-11T16:19:52.511810
4096,4,1024,8388608,omp-task,0.342789,1.17,360208,0,2025-11-11T16:19:58.587507
4096,4,1024,8388608,omp-task,0.356802,1.16,370916,1,2025-11-11T16:20:00.621210
4096,4,1024,8388608,omp-task,0.371699,1.16,361392,2,2025-11-11T16:20:04.665360
4096,4,1024,8388608,omp-task,0.344396,1.17,368480,3,2025-11-11T16:20:08.706642
4096,4,1024,8388608,omp-task,0.385679,1.21,354148,4,2025-11-11T16:20:12.747298
4096,4,1024,8388608,virtual-fifo,0.902025,1.69,537192,0,2025-11-11T16:20:24.849488
4096,4,1024,8388608,virtual-fifo,0.898851,1.71,538792,2,2025-11-11T16:20:30.921433
4096,4,1024,8388608,virtual-fifo,0.900834,1.72,537232,3,2025-11-11T16:20:34.963330
4096,4,1024,8388608,virtual-fifo,0.903152,1.7,543376,4,2025-11-11T16:20:39.004689
4096,8,512,2097152,sequential,0.37245,1.15,272464,0,2025-11-11T16:20:47.089261
4096,8,512,2097152,sequential,0.358844,1.17,272016,1,2025-11-11T16:20:53.140224
4096,8,512,2097152,sequential,0.370483,1.18,272660,2,2025-11-11T16:20:59.191018
4096,8,512,2097152,sequential,0.36557,1.17,271280,3,2025-11-11T16:21:05.244845
4096,8,512,2097152,sequential,0.357954,1.14,272084,4,2025-11-11T16:21:09.287133
4096,8,512,2097152,omp-task,0.149439,0.93,420224,0,2025-11-11T16:21:15.361001
4096,8,512,2097152,omp-task,0.144239,0.93,407728,1,2025-11-11T16:21:19.403062
4096,8,512,2097152,omp-task,0.140219,0.94,422088,2,2025-11-11T16:21:23.445856
4096,8,512,2097152,omp-task,0.137271,0.95,423172,3,2025-11-11T16:21:27.488596
4096,8,512,2097152,omp-task,0.141361,0.96,424264,4,2025-11-11T16:21:31.530527
4096,8,512,2097152,virtual-fifo,1.168031,1.95,600764,0,2025-11-11T16:21:39.614117
4096,8,512,2097152,virtual-fifo,1.167739,1.92,604612,1,2025-11-11T16:21:43.656501
4096,8,512,2097152,virtual-fifo,1.166246,1.98,588104,2,2025-11-11T16:21:47.699291
4096,8,512,2097152,virtual-fifo,1.166666,1.97,585504,3,2025-11-11T16:21:51.740949
4096,8,512,2097152,virtual-fifo,1.172118,1.98,591920,4,2025-11-11T16:21:57.792906
4096,16,256,524288,sequential,0.361074,1.15,270896,0,2025-11-11T16:22:05.880727
4096,16,256,524288,sequential,0.36789,1.19,271676,1,2025-11-11T16:22:09.922904
4096,16,256,524288,sequential,0.35969,1.14,272580,2,2025-11-11T16:22:11.956748
4096,16,256,524288,sequential,0.366652,1.14,272064,3,2025-11-11T16:22:13.990343
4096,16,256,524288,sequential,0.368158,1.14,269596,4,2025-11-11T16:22:18.031075
4096,16,256,524288,omp-task,0.079147,0.87,447884,0,2025-11-11T16:22:24.102129
4096,16,256,524288,omp-task,0.07794,0.85,451736,1,2025-11-11T16:22:28.143427
4096,16,256,524288,omp-task,0.076939,0.89,453872,2,2025-11-11T16:22:30.175986
4096,16,256,524288,omp-task,0.075035,0.88,447548,3,2025-11-11T16:22:34.217642
4096,16,256,524288,omp-task,0.075916,0.88,439276,4,2025-11-11T16:22:36.250004
4096,16,256,524288,virtual-fifo,1.373439,2.24,1184916,0,2025-11-11T16:22:48.351688
4096,16,256,524288,virtual-fifo,1.381455,2.23,1177104,1,2025-11-11T16:22:54.402006
4096,16,256,524288,virtual-fifo,1.375671,2.28,1175776,2,2025-11-11T16:23:00.453760
4096,16,256,524288,virtual-fifo,1.377524,2.23,1176756,3,2025-11-11T16:23:06.507168
4096,16,256,524288,virtual-fifo,1.38188,2.24,1177620,4,2025-11-11T16:23:10.548404
4096,32,128,131072,sequential,0.357313,1.17,271316,0,2025-11-11T16:23:16.622973
4096,32,128,131072,sequential,0.356902,1.14,271144,1,2025-11-11T16:23:18.656411
4096,32,128,131072,sequential,0.356098,1.14,271280,2,2025-11-11T16:23:22.698372
4096,32,128,131072,sequential,0.354376,1.14,271312,3,2025-11-11T16:23:24.732140
4096,32,128,131072,sequential,0.357187,1.16,271284,4,2025-11-11T16:23:28.774277
4096,32,128,131072,omp-task,0.05567,0.91,456604,0,2025-11-11T16:23:34.852178
4096,32,128,131072,omp-task,0.056286,0.87,448192,1,2025-11-11T16:23:36.886072
4096,32,128,131072,omp-task,0.057564,0.88,464932,2,2025-11-11T16:23:40.927929
4096,32,128,131072,omp-task,0.053832,0.86,446004,3,2025-11-11T16:23:42.960560
4096,32,128,131072,omp-task,0.058871,0.84,470808,4,2025-11-11T16:23:47.003224
6144,1,6144,301989888,sequential,1.028789,2.28,616196,0,2025-11-11T16:23:57.094941
6144,1,6144,301989888,sequential,1.036329,2.29,616492,1,2025-11-11T16:24:03.144875
6144,1,6144,301989888,sequential,1.030532,2.31,615860,2,2025-11-11T16:24:09.196874
6144,1,6144,301989888,sequential,1.034226,2.28,616580,3,2025-11-11T16:24:15.247377
6144,1,6144,301989888,sequential,1.049412,2.37,615812,4,2025-11-11T16:24:21.299370
6144,1,6144,301989888,omp-task,2.33787,3.6,684772,0,2025-11-11T16:24:33.404785
6144,1,6144,301989888,omp-task,2.330218,3.6,704760,1,2025-11-11T16:24:39.456545
6144,1,6144,301989888,omp-task,2.334329,3.64,690068,2,2025-11-11T16:24:45.507962
6144,1,6144,301989888,omp-task,2.333845,3.63,688500,3,2025-11-11T16:24:51.559169
6144,1,6144,301989888,omp-task,2.349787,3.64,685416,4,2025-11-11T16:24:57.609509
6144,1,6144,301989888,virtual-fifo,2.437342,3.72,983176,0,2025-11-11T16:25:11.718020
6144,1,6144,301989888,virtual-fifo,2.453519,3.7,1000180,1,2025-11-11T16:25:17.768498
6144,1,6144,301989888,virtual-fifo,2.437805,3.71,981508,2,2025-11-11T16:25:23.817435
6144,1,6144,301989888,virtual-fifo,2.458606,3.72,982920,3,2025-11-11T16:25:31.875583
6144,2,3072,75497472,sequential,1.036886,2.31,606868,0,2025-11-11T16:25:43.996604
6144,2,3072,75497472,sequential,1.052923,2.33,607876,1,2025-11-11T16:25:48.037669
6144,2,3072,75497472,sequential,1.058728,2.37,608804,2,2025-11-11T16:25:54.085399
6144,2,3072,75497472,sequential,1.046505,2.31,607808,3,2025-11-11T16:26:00.134685
6144,2,3072,75497472,sequential,1.039837,2.32,608476,4,2025-11-11T16:26:06.182754
6144,2,3072,75497472,omp-task,2.36413,3.64,674220,0,2025-11-11T16:26:20.290471
6144,2,3072,75497472,omp-task,2.368359,3.64,679268,1,2025-11-11T16:26:26.339031
6144,2,3072,75497472,omp-task,2.362063,3.65,677748,2,2025-11-11T16:26:34.396726
6144,2,3072,75497472,omp-task,2.347526,3.61,676504,3,2025-11-11T16:26:40.446986
6144,2,3072,75497472,omp-task,2.364016,3.67,671148,4,2025-11-11T16:26:46.496498
6144,2,3072,75497472,virtual-fifo,2.513809,3.83,1048160,0,2025-11-11T16:26:58.595812
6144,2,3072,75497472,virtual-fifo,2.516262,3.83,1055164,1,2025-11-11T16:27:06.653671
6144,2,3072,75497472,virtual-fifo,2.52384,3.82,1044380,2,2025-11-11T16:27:12.705246
6144,2,3072,75497472,virtual-fifo,2.516274,3.78,1058352,3,2025-11-11T16:27:18.755166
6144,2,3072,75497472,virtual-fifo,2.517512,3.8,1044148,4,2025-11-11T16:27:24.804592
6144,4,1536,18874368,sequential,1.062224,2.34,602772,0,2025-11-11T16:27:32.886696
6144,4,1536,18874368,sequential,1.073025,2.34,602172,1,2025-11-11T16:27:36.927984
6144,4,1536,18874368,sequential,1.068862,2.33,602104,2,2025-11-11T16:27:42.977465
6144,4,1536,18874368,sequential,1.076136,2.36,602552,3,2025-11-11T16:27:47.018853
6144,4,1536,18874368,sequential,1.078344,2.38,602392,4,2025-11-11T16:27:55.077556
6144,4,1536,18874368,omp-task,1.025311,2.31,714876,0,2025-11-11T16:28:05.169216
6144,4,1536,18874368,omp-task,1.013918,2.32,718408,1,2025-11-11T16:28:11.221839
6144,4,1536,18874368,omp-task,1.041806,2.3,712156,2,2025-11-11T16:28:15.263632
6144,4,1536,18874368,omp-task,1.025459,2.3,705360,3,2025-11-11T16:28:21.314183
6144,4,1536,18874368,omp-task,1.023676,2.3,706040,4,2025-11-11T16:28:27.365321
6144,4,1536,18874368,virtual-fifo,2.61575,3.92,1127288,0,2025-11-11T16:28:39.464957
6144,4,1536,18874368,virtual-fifo,2.618269,3.88,1116276,1,2025-11-11T16:28:45.514217
6144,4,1536,18874368,virtual-fifo,2.612132,3.87,1123136,2,2025-11-11T16:28:51.563737
6144,4,1536,18874368,virtual-fifo,2.624798,3.95,1108020,3,2025-11-11T16:28:57.613629
6144,4,1536,18874368,virtual-fifo,2.612142,3.88,1118664,4,2025-11-11T16:29:03.664304
6144,8,768,4718592,sequential,1.086699,2.36,599352,0,2025-11-11T16:29:13.758356
6144,8,768,4718592,sequential,1.085987,2.36,601608,1,2025-11-11T16:29:17.800340
6144,8,768,4718592,sequential,1.090795,2.38,601680,2,2025-11-11T16:29:21.842624
6144,8,768,4718592,sequential,1.088182,2.35,600120,3,2025-11-11T16:29:25.884541
6144,8,768,4718592,sequential,1.088164,2.37,600120,4,2025-11-11T16:29:29.926052
6144,8,768,4718592,omp-task,0.417031,1.69,780464,0,2025-11-11T16:29:33.992618
6144,8,768,4718592,omp-task,0.37836,1.67,799220,1,2025-11-11T16:29:38.034918
6144,8,768,4718592,omp-task,0.401559,1.67,773976,2,2025-11-11T16:29:44.084951
6144,8,768,4718592,omp-task,0.391969,1.67,777496,3,2025-11-11T16:29:50.134197
6144,8,768,4718592,omp-task,0.395011,1.67,776828,4,2025-11-11T16:29:54.175173
6144,8,768,4718592,virtual-fifo,2.935367,4.22,1230600,0,2025-11-11T16:30:10.290237
6144,8,768,4718592,virtual-fifo,2.928319,4.19,1221748,1,2025-11-11T16:30:16.339118
6144,8,768,4718592,virtual-fifo,2.911841,4.2,1220772,2,2025-11-11T16:30:24.397583
6144,8,768,4718592,virtual-fifo,2.935192,4.23,1218272,4,2025-11-11T16:30:36.497648
6144,16,384,1179648,sequential,1.118264,2.42,599344,0,2025-11-11T16:30:48.598361
6144,16,384,1179648,sequential,1.119501,2.38,600136,1,2025-11-11T16:30:52.639017
6144,16,384,1179648,sequential,1.124326,2.41,598032,2,2025-11-11T16:30:56.680951
6144,16,384,1179648,sequential,1.12695,2.39,599756,3,2025-11-11T16:31:00.722647
6144,16,384,1179648,sequential,1.116787,2.39,600140,4,2025-11-11T16:31:04.763939
6144,16,384,1179648,omp-task,0.20757,1.52,761196,0,2025-11-11T16:31:10.840239
6144,16,384,1179648,omp-task,0.203783,1.47,765072,1,2025-11-11T16:31:14.884068
6144,16,384,1179648,omp-task,0.214746,1.52,762292,2,2025-11-11T16:31:18.926422
6144,16,384,1179648,omp-task,0.220253,1.51,769124,3,2025-11-11T16:31:22.967897
6144,16,384,1179648,omp-task,0.218673,1.5,765108,4,2025-11-11T16:31:27.011166
6144,16,384,1179648,virtual-fifo,3.888974,5.18,1410972,0,2025-11-11T16:31:45.139670
6144,16,384,1179648,virtual-fifo,3.886122,5.16,1424264,1,2025-11-11T16:31:53.198701
6144,16,384,1179648,virtual-fifo,3.88993,5.15,1415828,2,2025-11-11T16:32:01.258673
6144,32,192,294912,sequential,1.103405,2.39,599744,0,2025-11-11T16:32:25.461483
6144,32,192,294912,sequential,1.104205,2.36,599348,1,2025-11-11T16:32:29.503760
6144,32,192,294912,sequential,1.108175,2.38,598968,2,2025-11-11T16:32:35.554364
6144,32,192,294912,sequential,1.097458,2.37,599356,3,2025-11-11T16:32:39.595932
6144,32,192,294912,sequential,1.102898,2.37,598916,4,2025-11-11T16:32:43.638190
6144,32,192,294912,omp-task,0.123091,1.43,779748,0,2025-11-11T16:32:49.713722
6144,32,192,294912,omp-task,0.127244,1.4,786100,1,2025-11-11T16:32:51.747411
6144,32,192,294912,omp-task,0.123627,1.42,786108,2,2025-11-11T16:32:55.789128
6144,32,192,294912,omp-task,0.125127,1.42,789572,3,2025-11-11T16:32:57.823153
6144,32,192,294912,omp-task,0.123281,1.43,779424,4,2025-11-11T16:33:01.864825
8192,1,8192,536870912,sequential,2.317001,5.33,1082348,0,2025-11-11T16:33:13.968696
8192,1,8192,536870912,sequential,2.329394,5.39,1081004,1,2025-11-11T16:33:20.018720
8192,1,8192,536870912,sequential,2.326494,5.4,1082048,2,2025-11-11T16:33:28.078824
8192,1,8192,536870912,sequential,2.31656,5.36,1082392,3,2025-11-11T16:33:38.146342
8192,1,8192,536870912,sequential,2.321213,5.41,1081936,4,2025-11-11T16:33:46.204174
8192,1,8192,536870912,omp-task,5.255907,8.27,1153232,0,2025-11-11T16:34:10.353542
8192,1,8192,536870912,omp-task,5.23206,8.3,1166020,1,2025-11-11T16:34:20.421627
8192,1,8192,536870912,omp-task,5.257409,8.38,1150376,2,2025-11-11T16:34:32.495673
8192,1,8192,536870912,omp-task,5.2984,8.43,1169064,4,2025-11-11T16:34:52.630230
8192,1,8192,536870912,virtual-fifo,5.433156,8.52,1691828,0,2025-11-11T16:35:16.780802
8192,1,8192,536870912,virtual-fifo,5.435717,8.64,1673524,1,2025-11-11T16:35:28.854850
8192,1,8192,536870912,virtual-fifo,5.483695,8.59,1678144,2,2025-11-11T16:35:40.928861
8192,1,8192,536870912,virtual-fifo,5.44965,8.62,1676056,3,2025-11-11T16:35:50.992560
8192,1,8192,536870912,virtual-fifo,5.425827,8.5,1670800,4,2025-11-11T16:36:01.055216
8192,2,4096,134217728,sequential,2.346117,5.4,1069480,0,2025-11-11T16:36:17.170158
8192,2,4096,134217728,sequential,2.345534,5.46,1070116,1,2025-11-11T16:36:25.228555
8192,2,4096,134217728,sequential,2.357136,5.49,1068760,2,2025-11-11T16:36:33.286329
8192,2,4096,134217728,sequential,2.346706,5.37,1068996,3,2025-11-11T16:36:41.343123
8192,2,4096,134217728,sequential,2.344687,5.39,1069096,4,2025-11-11T16:36:49.400672
8192,2,4096,134217728,omp-task,5.30061,8.32,1141100,0,2025-11-11T16:37:11.539446
8192,2,4096,134217728,omp-task,5.30152,8.55,1138920,1,2025-11-11T16:37:23.614695
8192,2,4096,134217728,omp-task,5.306443,8.34,1140244,2,2025-11-11T16:37:33.680982
8192,2,4096,134217728,omp-task,5.303984,8.42,1149004,3,2025-11-11T16:37:45.755329
8192,2,4096,134217728,omp-task,5.307788,8.38,1134136,4,2025-11-11T16:37:57.830024
8192,2,4096,134217728,virtual-fifo,5.532665,8.69,1790172,0,2025-11-11T16:38:17.964142
8192,2,4096,134217728,virtual-fifo,5.535894,8.58,1792424,1,2025-11-11T16:38:30.037704
8192,2,4096,134217728,virtual-fifo,5.57307,8.65,1799800,2,2025-11-11T16:38:42.112621
8192,2,4096,134217728,virtual-fifo,5.575062,8.57,1800380,3,2025-11-11T16:38:52.178021
8192,2,4096,134217728,virtual-fifo,5.556377,8.69,1798360,4,2025-11-11T16:39:04.251695
8192,4,2048,33554432,sequential,2.367947,5.48,1063824,0,2025-11-11T16:39:22.385793
8192,4,2048,33554432,sequential,2.392197,5.4,1064024,1,2025-11-11T16:39:30.443518
8192,4,2048,33554432,sequential,2.368318,5.47,1062264,2,2025-11-11T16:39:38.501124
8192,4,2048,33554432,sequential,2.384575,5.48,1062404,3,2025-11-11T16:39:46.559859
8192,4,2048,33554432,sequential,2.372827,5.35,1062456,4,2025-11-11T16:39:54.618524
8192,4,2048,33554432,omp-task,2.28885,5.36,1173668,0,2025-11-11T16:40:06.720979
8192,4,2048,33554432,omp-task,2.25995,5.35,1192352,1,2025-11-11T16:40:12.772533
8192,4,2048,33554432,omp-task,2.487233,5.55,1174324,2,2025-11-11T16:40:18.825144
8192,4,2048,33554432,omp-task,2.26364,5.35,1179728,3,2025-11-11T16:40:24.876272
8192,4,2048,33554432,omp-task,2.275539,5.39,1175208,4,2025-11-11T16:40:32.934407
8192,4,2048,33554432,virtual-fifo,5.773708,8.86,1915732,0,2025-11-11T16:40:57.087095
8192,4,2048,33554432,virtual-fifo,5.780426,8.9,1935216,1,2025-11-11T16:41:09.162021
8192,4,2048,33554432,virtual-fifo,5.756102,8.8,1923712,2,2025-11-11T16:41:19.232434
8192,4,2048,33554432,virtual-fifo,5.788294,8.82,1921516,3,2025-11-11T16:41:31.308577
8192,4,2048,33554432,virtual-fifo,5.779971,8.87,1929764,4,2025-11-11T16:41:43.383949
8192,8,1024,8388608,sequential,2.441019,5.49,1061708,0,2025-11-11T16:41:59.498649
8192,8,1024,8388608,sequential,2.431624,5.5,1060532,1,2025-11-11T16:42:07.556588
8192,8,1024,8388608,sequential,2.452245,5.52,1059260,2,2025-11-11T16:42:15.616985
8192,8,1024,8388608,omp-task,0.815435,3.8,1247020,0,2025-11-11T16:42:43.832872
8192,8,1024,8388608,omp-task,0.828165,3.95,1253888,1,2025-11-11T16:42:51.891275
8192,8,1024,8388608,omp-task,0.796928,4.0,1241672,2,2025-11-11T16:42:57.940704
8192,8,1024,8388608,omp-task,0.817854,3.96,1243332,3,2025-11-11T16:43:03.991326
8192,8,1024,8388608,omp-task,0.879899,3.96,1253200,4,2025-11-11T16:43:10.040683
8192,8,1024,8388608,virtual-fifo,6.144859,9.24,2101408,0,2025-11-11T16:43:34.195478
8192,8,1024,8388608,virtual-fifo,6.126981,9.13,2108716,1,2025-11-11T16:43:46.272090
8192,8,1024,8388608,virtual-fifo,6.091819,9.23,2104164,2,2025-11-11T16:43:58.347805
8192,16,512,2097152,sequential,2.596801,5.57,1058900,0,2025-11-11T16:44:36.612330
8192,16,512,2097152,sequential,2.594527,5.65,1058128,1,2025-11-11T16:44:46.681129
8192,16,512,2097152,sequential,2.615797,5.69,1058896,2,2025-11-11T16:44:54.741152
8192,16,512,2097152,sequential,2.649889,5.71,1058832,3,2025-11-11T16:45:02.801977
8192,16,512,2097152,sequential,2.615753,5.6,1058128,4,2025-11-11T16:45:10.863629
8192,16,512,2097152,omp-task,0.392519,3.55,1295024,0,2025-11-11T16:45:22.968893
8192,16,512,2097152,omp-task,0.366495,3.51,1317928,1,2025-11-11T16:45:27.011893
8192,16,512,2097152,omp-task,0.367703,3.45,1321928,2,2025-11-11T16:45:33.062509
8192,16,512,2097152,omp-task,0.391419,3.43,1275020,3,2025-11-11T16:45:41.121019
8192,16,512,2097152,omp-task,0.380891,3.51,1287748,4,2025-11-11T16:45:45.162798
8192,16,512,2097152,virtual-fifo,8.150819,11.26,2440428,0,2025-11-11T16:46:15.337767
8192,16,512,2097152,virtual-fifo,8.161513,11.2,2444540,1,2025-11-11T16:46:29.424626
8192,16,512,2097152,virtual-fifo,8.066499,11.16,2424704,2,2025-11-11T16:46:43.510157
8192,16,512,2097152,virtual-fifo,8.213636,11.24,2431584,3,2025-11-11T16:46:57.596173
8192,16,512,2097152,virtual-fifo,8.14489,11.17,2433200,4,2025-11-11T16:47:11.680621
8192,32,256,524288,sequential,2.641816,5.67,1058112,0,2025-11-11T16:47:27.803076
8192,32,256,524288,sequential,2.597996,5.69,1057332,1,2025-11-11T16:47:35.862813
8192,32,256,524288,sequential,2.581322,5.67,1057716,2,2025-11-11T16:47:43.922978
8192,32,256,524288,sequential,2.59243,5.67,1057716,3,2025-11-11T16:47:51.982698
8192,32,256,524288,sequential,2.640917,5.62,1059016,4,2025-11-11T16:48:00.043004
8192,32,256,524288,omp-task,0.272716,3.38,1259136,0,2025-11-11T16:48:12.143615
8192,32,256,524288,omp-task,0.274607,3.4,1256408,1,2025-11-11T16:48:18.196335
8192,32,256,524288,omp-task,0.272552,3.43,1239284,2,2025-11-11T16:48:24.246146
8192,32,256,524288,omp-task,0.274591,3.36,1244984,3,2025-11-11T16:48:30.295846
8192,32,256,524288,omp-task,0.272087,3.33,1247340,4,2025-11-11T16:48:36.346168
10240,1,10240,838860800,sequential,4.287009,7.56,1677968,0,2025-11-11T16:48:56.481150
10240,1,10240,838860800,sequential,4.315857,7.6,1676904,1,2025-11-11T16:49:06.550159
10240,1,10240,838860800,sequential,4.286854,7.52,1678296,2,2025-11-11T16:49:16.618933
10240,1,10240,838860800,sequential,4.315961,7.58,1676692,3,2025-11-11T16:49:28.698364
10240,1,10240,838860800,sequential,4.279549,7.51,1678180,4,2025-11-11T16:49:36.758423
10240,1,10240,838860800,omp-task,9.85431,13.09,1753196,0,2025-11-11T16:50:04.930915
10240,1,10240,838860800,omp-task,9.853407,13.1,1755188,1,2025-11-11T16:50:19.018931
10240,1,10240,838860800,omp-task,9.863792,13.14,1766048,2,2025-11-11T16:50:35.114251
10240,1,10240,838860800,omp-task,9.842317,13.1,1747544,3,2025-11-11T16:50:53.218252
10240,1,10240,838860800,omp-task,9.856948,13.12,1738704,4,2025-11-11T16:51:09.312330
10240,1,10240,838860800,virtual-fifo,10.148988,13.42,2574088,0,2025-11-11T16:51:41.502457
10240,1,10240,838860800,virtual-fifo,10.172076,13.45,2572392,1,2025-11-11T16:51:57.597075
10240,1,10240,838860800,virtual-fifo,10.150132,13.44,2561544,3,2025-11-11T16:52:25.771367
10240,1,10240,838860800,virtual-fifo,10.14517,13.41,2572732,4,2025-11-11T16:52:39.856700
10240,2,5120,209715200,sequential,4.342488,7.62,1662296,0,2025-11-11T16:52:55.975404
10240,2,5120,209715200,sequential,4.404896,7.68,1662584,1,2025-11-11T16:53:04.034682
10240,2,5120,209715200,sequential,4.370069,7.66,1663088,2,2025-11-11T16:53:14.102093
10240,2,5120,209715200,sequential,4.326891,7.6,1663004,3,2025-11-11T16:53:26.181635
10240,2,5120,209715200,sequential,4.321142,7.6,1661792,4,2025-11-11T16:53:36.249262
10240,2,5120,209715200,omp-task,9.956186,13.25,1746344,1,2025-11-11T16:54:20.521027
10240,2,5120,209715200,omp-task,9.925672,13.19,1747324,2,2025-11-11T16:54:34.604491
10240,2,5120,209715200,omp-task,9.9545,13.25,1741292,3,2025-11-11T16:54:48.686471
10240,2,5120,209715200,omp-task,9.950954,13.2,1741312,4,2025-11-11T16:55:02.769642
10240,2,5120,209715200,virtual-fifo,10.358308,13.62,2755832,0,2025-11-11T16:55:30.936409
10240,2,5120,209715200,virtual-fifo,10.366268,13.64,2750592,1,2025-11-11T16:55:45.017614
10240,2,5120,209715200,virtual-fifo,10.361044,13.67,2763284,2,2025-11-11T16:56:01.108497
10240,2,5120,209715200,virtual-fifo,10.355043,13.65,2755228,3,2025-11-11T16:56:17.199428
10240,2,5120,209715200,virtual-fifo,10.233579,13.51,2748300,4,2025-11-11T16:56:33.292881
10240,4,2560,52428800,sequential,4.463405,7.76,1654080,0,2025-11-11T16:56:55.436161
10240,4,2560,52428800,sequential,4.457605,7.7,1654880,1,2025-11-11T16:57:05.502547
10240,4,2560,52428800,sequential,4.428214,7.68,1653976,2,2025-11-11T16:57:17.577645
10240,4,2560,52428800,sequential,4.382981,7.67,1653912,3,2025-11-11T16:57:27.648692
10240,4,2560,52428800,sequential,4.407548,7.66,1654640,4,2025-11-11T16:57:37.716107
10240,4,2560,52428800,omp-task,4.264022,7.51,1778200,0,2025-11-11T16:57:55.839803
10240,4,2560,52428800,omp-task,4.253183,7.53,1782156,1,2025-11-11T16:58:03.899476
10240,4,2560,52428800,omp-task,4.263055,7.52,1775048,3,2025-11-11T16:58:20.015896
10240,4,2560,52428800,omp-task,4.339989,7.61,1781708,4,2025-11-11T16:58:32.093513
10240,4,2560,52428800,virtual-fifo,10.675108,13.99,2955724,0,2025-11-11T16:59:04.277119
10240,4,2560,52428800,virtual-fifo,10.679197,13.95,2963300,1,2025-11-11T16:59:20.369469
10240,4,2560,52428800,virtual-fifo,10.696566,13.97,2955760,2,2025-11-11T16:59:36.463512
10240,4,2560,52428800,virtual-fifo,10.587703,13.88,2957256,3,2025-11-11T16:59:52.557786
10240,4,2560,52428800,virtual-fifo,10.670315,13.94,2954220,4,2025-11-11T17:00:10.660480
10240,8,1280,13107200,sequential,4.509783,7.78,1651224,0,2025-11-11T17:00:30.798805
10240,8,1280,13107200,sequential,4.46176,7.75,1650872,1,2025-11-11T17:00:40.869639
10240,8,1280,13107200,sequential,4.48709,7.81,1650012,2,2025-11-11T17:00:50.936692
10240,8,1280,13107200,sequential,4.468082,7.76,1651880,3,2025-11-11T17:01:01.003261
10240,8,1280,13107200,sequential,4.521525,7.79,1651016,4,2025-11-11T17:01:11.069685
10240,8,1280,13107200,omp-task,1.520071,4.81,1897272,0,2025-11-11T17:01:25.181057
10240,8,1280,13107200,omp-task,1.517363,4.82,1882656,1,2025-11-11T17:01:31.231410
10240,8,1280,13107200,omp-task,1.517742,4.78,1886448,2,2025-11-11T17:01:37.281760
10240,8,1280,13107200,omp-task,1.488103,4.74,1884760,3,2025-11-11T17:01:45.342548
10240,8,1280,13107200,omp-task,1.467221,4.72,1884000,4,2025-11-11T17:01:53.401859
10240,8,1280,13107200,virtual-fifo,11.082865,14.39,3227508,0,2025-11-11T17:02:27.596001
10240,8,1280,13107200,virtual-fifo,11.063544,14.44,3246784,1,2025-11-11T17:02:43.689796
10240,8,1280,13107200,virtual-fifo,11.007072,14.31,3243336,2,2025-11-11T17:02:59.784621
10240,8,1280,13107200,virtual-fifo,11.120654,14.41,3244204,3,2025-11-11T17:03:15.878527
10240,8,1280,13107200,virtual-fifo,11.080498,14.34,3227184,4,2025-11-11T17:03:31.975033
10240,16,640,3276800,sequential,4.554714,7.84,1648312,0,2025-11-11T17:03:52.110420
10240,16,640,3276800,sequential,4.569126,7.84,1648312,1,2025-11-11T17:04:02.177798
10240,16,640,3276800,sequential,4.609848,7.9,1649080,2,2025-11-11T17:04:14.253810
10240,16,640,3276800,sequential,4.685096,7.97,1647928,3,2025-11-11T17:04:24.323101
10240,16,640,3276800,sequential,4.574916,7.84,1647540,4,2025-11-11T17:04:34.390057
10240,16,640,3276800,omp-task,0.666917,3.94,1918068,0,2025-11-11T17:04:46.489975
10240,16,640,3276800,omp-task,0.720236,3.98,1923848,1,2025-11-11T17:04:52.541132
10240,16,640,3276800,omp-task,0.688951,4.01,1914380,2,2025-11-11T17:04:58.590184
10240,16,640,3276800,omp-task,0.695217,3.96,1916008,3,2025-11-11T17:05:06.647545
10240,16,640,3276800,omp-task,0.692338,3.95,1915240,4,2025-11-11T17:05:12.696174
10240,16,640,3276800,virtual-fifo,13.043023,16.33,3750492,0,2025-11-11T17:05:48.904999
10240,16,640,3276800,virtual-fifo,13.049655,16.32,3750868,1,2025-11-11T17:06:07.009369
10240,16,640,3276800,virtual-fifo,13.06663,16.38,3736744,2,2025-11-11T17:06:25.117111
10240,16,640,3276800,virtual-fifo,13.012864,16.53,3749236,3,2025-11-11T17:06:43.221843
10240,16,640,3276800,virtual-fifo,13.03226,16.31,3737756,4,2025-11-11T17:07:03.336106
10240,32,320,819200,sequential,4.722155,8.01,1649096,0,2025-11-11T17:07:23.475681
10240,32,320,819200,sequential,4.681301,7.93,1647928,1,2025-11-11T17:07:35.554917
10240,32,320,819200,sequential,4.685255,7.96,1647156,2,2025-11-11T17:07:45.621224
10240,32,320,819200,sequential,4.742604,8.04,1647944,3,2025-11-11T17:07:57.696476
10240,32,320,819200,sequential,4.732544,7.97,1648324,4,2025-11-11T17:08:09.773139
10240,32,320,819200,omp-task,0.52101,3.84,1833720,0,2025-11-11T17:08:21.874593
10240,32,320,819200,omp-task,0.52016,3.84,1824428,1,2025-11-11T17:08:27.926466
10240,32,320,819200,omp-task,0.511382,3.81,1823180,2,2025-11-11T17:08:33.976238
10240,32,320,819200,omp-task,0.513476,3.77,1837380,3,2025-11-11T17:08:38.018066
10240,32,320,819200,omp-task,0.519226,3.82,1845520,4,2025-11-11T17:08:46.077627
12288,1,12288,1207959552,sequential,7.216776,13.66,2405224,0,2025-11-11T17:09:20.277065
12288,1,12288,1207959552,sequential,7.253099,13.67,2404184,1,2025-11-11T17:09:36.373367
12288,1,12288,1207959552,sequential,7.277264,13.77,2403704,2,2025-11-11T17:09:52.469750
12288,1,12288,1207959552,sequential,7.299444,13.76,2403896,3,2025-11-11T17:10:10.572010
12288,1,12288,1207959552,sequential,7.277794,13.94,2403704,4,2025-11-11T17:10:26.667871
12288,1,12288,1207959552,omp-task,16.686149,23.25,2480852,0,2025-11-11T17:11:20.952124
12288,1,12288,1207959552,omp-task,16.634699,23.27,2476224,1,2025-11-11T17:11:47.086111
12288,1,12288,1207959552,omp-task,16.632048,23.02,2473588,2,2025-11-11T17:12:13.221028
12288,1,12288,1207959552,omp-task,16.649441,23.32,2474656,3,2025-11-11T17:12:39.358016
12288,1,12288,1207959552,omp-task,16.631098,23.09,2478476,4,2025-11-11T17:13:05.504973
12288,1,12288,1207959552,virtual-fifo,17.045865,23.68,3651076,0,2025-11-11T17:13:59.790500
12288,1,12288,1207959552,virtual-fifo,17.114992,23.56,3662344,1,2025-11-11T17:14:23.917814
12288,1,12288,1207959552,virtual-fifo,17.050128,23.64,3655996,2,2025-11-11T17:14:50.056015
12288,1,12288,1207959552,virtual-fifo,16.952728,23.48,3664236,3,2025-11-11T17:15:16.194604
12288,1,12288,1207959552,virtual-fifo,17.064548,23.54,3668160,4,2025-11-11T17:15:44.340561
12288,2,6144,301989888,sequential,7.374872,14.04,2385596,0,2025-11-11T17:16:16.529353
12288,2,6144,301989888,sequential,7.323825,13.81,2385684,1,2025-11-11T17:16:32.623260
12288,2,6144,301989888,sequential,7.252339,13.72,2387596,2,2025-11-11T17:16:48.715018
12288,2,6144,301989888,sequential,7.271075,13.72,2385188,3,2025-11-11T17:17:04.809972
12288,2,6144,301989888,sequential,7.326726,13.97,2385112,4,2025-11-11T17:17:22.915820
12288,2,6144,301989888,omp-task,16.789243,23.36,2474008,0,2025-11-11T17:18:15.192849
12288,2,6144,301989888,omp-task,16.778731,23.39,2458680,1,2025-11-11T17:18:41.333128
12288,2,6144,301989888,omp-task,16.799126,23.27,2467372,2,2025-11-11T17:19:07.472449
12288,2,6144,301989888,omp-task,16.791891,23.23,2455632,3,2025-11-11T17:19:33.614570
12288,2,6144,301989888,omp-task,16.792386,23.45,2466544,4,2025-11-11T17:19:57.743278
12288,2,6144,301989888,virtual-fifo,17.263731,23.91,3927216,0,2025-11-11T17:20:52.027350
12288,2,6144,301989888,virtual-fifo,17.373093,23.83,3927916,1,2025-11-11T17:21:18.157762
12288,2,6144,301989888,virtual-fifo,17.370202,23.84,3919928,2,2025-11-11T17:21:44.291966
12288,2,6144,301989888,virtual-fifo,17.34733,24.01,3924048,3,2025-11-11T17:22:10.427485
12288,2,6144,301989888,virtual-fifo,17.396844,23.88,3930436,4,2025-11-11T17:22:36.562452
12288,4,3072,75497472,sequential,7.250446,13.85,2376804,0,2025-11-11T17:23:12.762145
12288,4,3072,75497472,sequential,7.384779,13.84,2378204,1,2025-11-11T17:23:30.862969
12288,4,3072,75497472,sequential,7.365833,13.8,2375964,2,2025-11-11T17:23:46.954121
12288,4,3072,75497472,sequential,7.30234,13.8,2376824,3,2025-11-11T17:24:01.036887
12288,4,3072,75497472,sequential,7.308206,13.9,2376404,4,2025-11-11T17:24:17.130609
12288,4,3072,75497472,omp-task,7.477732,14.04,2502880,0,2025-11-11T17:24:49.319694
12288,4,3072,75497472,omp-task,7.044651,13.69,2494592,1,2025-11-11T17:25:05.414442
12288,4,3072,75497472,omp-task,7.051352,13.66,2498576,2,2025-11-11T17:25:21.507329
12288,4,3072,75497472,omp-task,7.065609,13.65,2507032,3,2025-11-11T17:25:37.603161
12288,4,3072,75497472,omp-task,7.012172,13.7,2505472,4,2025-11-11T17:25:53.695382
12288,4,3072,75497472,virtual-fifo,17.796317,24.36,4227740,0,2025-11-11T17:26:45.960740
12288,4,3072,75497472,virtual-fifo,17.785832,24.45,4215032,1,2025-11-11T17:27:12.093539
12288,4,3072,75497472,virtual-fifo,17.77081,24.21,4223620,2,2025-11-11T17:27:40.242493
12288,4,3072,75497472,virtual-fifo,17.770321,24.43,4217456,3,2025-11-11T17:28:06.381188
12288,4,3072,75497472,virtual-fifo,17.795143,24.48,4211624,4,2025-11-11T17:28:34.539697
12288,8,1536,18874368,sequential,7.5879,14.2,2372696,0,2025-11-11T17:29:08.730294
12288,8,1536,18874368,sequential,7.558971,14.12,2372572,1,2025-11-11T17:29:24.824304
12288,8,1536,18874368,sequential,7.575095,14.19,2372196,2,2025-11-11T17:29:40.919080
12288,8,1536,18874368,sequential,7.702012,14.33,2372508,3,2025-11-11T17:29:57.013791
12288,8,1536,18874368,sequential,7.551485,14.03,2371752,4,2025-11-11T17:30:13.107157
12288,8,1536,18874368,omp-task,2.610716,9.18,2618540,0,2025-11-11T17:30:37.262751
12288,8,1536,18874368,omp-task,2.497185,9.08,2623608,1,2025-11-11T17:30:47.331962
12288,8,1536,18874368,omp-task,2.55728,9.05,2613740,2,2025-11-11T17:30:57.399421
12288,8,1536,18874368,omp-task,2.685749,9.19,2610268,3,2025-11-11T17:31:07.468067
12288,8,1536,18874368,omp-task,2.412748,9.02,2613048,4,2025-11-11T17:31:17.537566
12288,8,1536,18874368,virtual-fifo,18.424066,24.89,4612632,0,2025-11-11T17:32:09.816165
12288,8,1536,18874368,virtual-fifo,18.291977,24.76,4621096,1,2025-11-11T17:32:35.955386
12288,8,1536,18874368,virtual-fifo,18.436454,25.12,4637968,2,2025-11-11T17:33:04.096543
12288,8,1536,18874368,virtual-fifo,18.436133,24.92,4619560,3,2025-11-11T17:33:30.227284
12288,8,1536,18874368,virtual-fifo,18.416731,24.87,4617784,4,2025-11-11T17:33:56.360813
12288,16,768,4718592,sequential,7.757335,14.23,2371020,0,2025-11-11T17:34:28.541902
12288,16,768,4718592,sequential,7.995534,14.65,2369592,1,2025-11-11T17:34:44.634457
12288,16,768,4718592,sequential,8.008214,14.47,2370360,2,2025-11-11T17:35:00.724886
12288,16,768,4718592,sequential,7.788368,14.24,2368824,3,2025-11-11T17:35:16.815954
12288,16,768,4718592,sequential,7.825608,14.36,2370388,4,2025-11-11T17:35:32.907067
12288,16,768,4718592,omp-task,1.256655,7.76,2633064,0,2025-11-11T17:35:53.040315
12288,16,768,4718592,omp-task,1.248529,7.73,2640636,1,2025-11-11T17:36:03.105778
12288,16,768,4718592,omp-task,1.223284,7.87,2648744,2,2025-11-11T17:36:13.171276
12288,16,768,4718592,omp-task,1.254052,7.85,2648968,3,2025-11-11T17:36:25.246640
12288,16,768,4718592,omp-task,1.207295,7.65,2638804,4,2025-11-11T17:36:35.315756
12288,16,768,4718592,virtual-fifo,20.818145,27.21,5340840,0,2025-11-11T17:37:35.616786
12288,16,768,4718592,virtual-fifo,20.800321,27.5,5352716,1,2025-11-11T17:38:05.766723
12288,16,768,4718592,virtual-fifo,20.786366,27.5,5355092,2,2025-11-11T17:38:33.908733
12288,16,768,4718592,virtual-fifo,20.837006,27.44,5350852,3,2025-11-11T17:39:02.052979
12288,16,768,4718592,virtual-fifo,20.772646,27.44,5352496,4,2025-11-11T17:39:32.201265
12288,32,384,1179648,sequential,8.379781,14.89,2369612,0,2025-11-11T17:40:08.402984
12288,32,384,1179648,sequential,8.06761,14.74,2368440,1,2025-11-11T17:40:26.501227
12288,32,384,1179648,sequential,8.092841,14.61,2368056,2,2025-11-11T17:40:44.602701
12288,32,384,1179648,sequential,8.168501,14.81,2368052,3,2025-11-11T17:41:02.703336
12288,32,384,1179648,sequential,8.155349,14.69,2368844,4,2025-11-11T17:41:20.802506
12288,32,384,1179648,omp-task,1.03594,7.75,2548324,0,2025-11-11T17:41:40.938846
12288,32,384,1179648,omp-task,1.028702,7.52,2568756,1,2025-11-11T17:41:51.005785
12288,32,384,1179648,omp-task,1.026901,7.55,2563012,2,2025-11-11T17:42:01.073271
12288,32,384,1179648,omp-task,1.028904,7.81,2554912,3,2025-11-11T17:42:11.139482
12288,32,384,1179648,omp-task,1.028954,7.48,2562656,4,2025-11-11T17:42:19.198390
14336,1,14336,1644167168,sequential,11.152732,17.42,3261792,0,2025-11-11T17:43:01.422368
14336,1,14336,1644167168,sequential,11.170273,17.48,3263268,1,2025-11-11T17:43:21.530883
14336,1,14336,1644167168,sequential,11.168557,17.43,3262668,2,2025-11-11T17:43:41.638503
14336,1,14336,1644167168,sequential,11.113021,17.43,3263484,3,2025-11-11T17:44:01.742632
14336,1,14336,1644167168,sequential,11.421227,17.71,3262632,4,2025-11-11T17:44:21.850646
14336,1,14336,1644167168,omp-task,25.907162,32.22,3337616,0,2025-11-11T17:45:32.201164
14336,1,14336,1644167168,omp-task,25.911046,32.22,3340572,1,2025-11-11T17:46:06.374865
14336,1,14336,1644167168,omp-task,25.986653,32.25,3330640,2,2025-11-11T17:46:40.546496
14336,1,14336,1644167168,omp-task,25.924752,32.24,3336296,3,2025-11-11T17:47:14.714166
14336,1,14336,1644167168,omp-task,25.916301,32.24,3331764,4,2025-11-11T17:47:48.885314
14336,1,14336,1644167168,virtual-fifo,26.536127,32.86,4943936,0,2025-11-11T17:48:59.235646
14336,1,14336,1644167168,virtual-fifo,26.453992,32.74,4939380,1,2025-11-11T17:49:33.404871
14336,1,14336,1644167168,virtual-fifo,26.505725,32.78,4939852,2,2025-11-11T17:50:09.580356
14336,1,14336,1644167168,virtual-fifo,26.389348,32.71,4954312,3,2025-11-11T17:50:43.752312
14336,1,14336,1644167168,virtual-fifo,26.464375,32.77,4950364,4,2025-11-11T17:51:17.919068
14336,2,7168,411041792,sequential,11.265407,17.56,3240232,0,2025-11-11T17:51:56.129211
14336,2,7168,411041792,sequential,11.198546,17.5,3240568,1,2025-11-11T17:52:18.248520
14336,2,7168,411041792,sequential,11.614939,17.89,3242008,2,2025-11-11T17:52:38.354786
14336,2,7168,411041792,sequential,11.297877,17.62,3241676,3,2025-11-11T17:52:58.463275
14336,2,7168,411041792,sequential,11.476138,17.78,3241848,4,2025-11-11T17:53:20.583003
14336,2,7168,411041792,omp-task,26.104571,32.4,3312140,0,2025-11-11T17:54:30.935983
14336,2,7168,411041792,omp-task,26.104026,32.36,3314356,1,2025-11-11T17:55:05.099787
14336,2,7168,411041792,omp-task,26.092794,32.43,3307968,2,2025-11-11T17:55:41.278595
14336,2,7168,411041792,omp-task,26.090699,32.43,3312204,3,2025-11-11T17:56:17.450513
14336,2,7168,411041792,omp-task,26.093993,32.35,3307380,4,2025-11-11T17:56:51.620714
14336,2,7168,411041792,virtual-fifo,26.87825,33.24,5317932,0,2025-11-11T17:57:59.961065
14336,2,7168,411041792,virtual-fifo,26.890819,33.19,5318920,1,2025-11-11T17:58:34.128420
14336,2,7168,411041792,virtual-fifo,26.878031,33.18,5311016,2,2025-11-11T17:59:10.310170
14336,2,7168,411041792,virtual-fifo,26.865884,33.18,5314980,3,2025-11-11T17:59:46.490965
14336,2,7168,411041792,virtual-fifo,26.89847,33.24,5318612,4,2025-11-11T18:00:22.663791
14336,4,3584,102760448,sequential,11.506752,17.84,3231080,0,2025-11-11T18:01:02.883183
14336,4,3584,102760448,sequential,11.576656,17.87,3230460,1,2025-11-11T18:01:22.991443
14336,4,3584,102760448,sequential,11.417304,17.7,3231576,2,2025-11-11T18:01:43.101954
14336,4,3584,102760448,sequential,11.232363,17.51,3230428,3,2025-11-11T18:02:03.213607
14336,4,3584,102760448,sequential,11.402665,17.74,3230836,4,2025-11-11T18:02:23.323195
14336,4,3584,102760448,omp-task,10.911717,17.28,3363096,1,2025-11-11T18:03:21.649319
14336,4,3584,102760448,omp-task,10.942279,17.26,3367228,2,2025-11-11T18:03:39.754858
14336,4,3584,102760448,omp-task,11.006218,17.28,3370792,3,2025-11-11T18:03:57.858279
14336,4,3584,102760448,omp-task,10.995957,17.35,3367564,4,2025-11-11T18:04:15.961528
14336,4,3584,102760448,virtual-fifo,27.575566,33.9,5725064,0,2025-11-11T18:05:26.307832
14336,4,3584,102760448,virtual-fifo,27.53464,33.82,5717136,1,2025-11-11T18:06:04.497252
14336,4,3584,102760448,virtual-fifo,27.548286,33.84,5720924,2,2025-11-11T18:06:40.679074
14336,4,3584,102760448,virtual-fifo,27.50906,33.82,5709748,3,2025-11-11T18:07:16.855145
14336,4,3584,102760448,virtual-fifo,27.556008,33.89,5712496,4,2025-11-11T18:07:53.027487
14336,8,1792,25690112,sequential,11.500436,17.77,3225108,0,2025-11-11T18:08:35.250156
14336,8,1792,25690112,sequential,11.739844,18.06,3225008,1,2025-11-11T18:08:55.356143
14336,8,1792,25690112,sequential,11.67965,17.96,3225340,2,2025-11-11T18:09:15.461452
14336,8,1792,25690112,sequential,11.445964,17.75,3224572,3,2025-11-11T18:09:35.573236
14336,8,1792,25690112,sequential,11.475399,17.76,3225256,4,2025-11-11T18:09:55.685432
14336,8,1792,25690112,omp-task,4.085613,10.36,3461752,0,2025-11-11T18:10:19.837550
14336,8,1792,25690112,omp-task,3.752724,10.07,3469720,1,2025-11-11T18:10:31.913701
14336,8,1792,25690112,omp-task,3.787051,10.1,3468408,2,2025-11-11T18:10:45.998557
14336,8,1792,25690112,omp-task,3.872258,10.2,3473612,3,2025-11-11T18:10:58.074657
14336,8,1792,25690112,omp-task,3.709976,10.02,3467408,4,2025-11-11T18:11:10.150690
14336,8,1792,25690112,virtual-fifo,28.387097,34.64,6256148,0,2025-11-11T18:12:26.516336
14336,8,1792,25690112,virtual-fifo,28.419672,34.73,6258032,1,2025-11-11T18:13:06.708386
14336,8,1792,25690112,virtual-fifo,28.340664,34.63,6262764,2,2025-11-11T18:13:42.884687
14336,8,1792,25690112,virtual-fifo,28.328122,34.6,6260040,3,2025-11-11T18:14:19.062702
14336,8,1792,25690112,virtual-fifo,28.348933,34.62,6279260,4,2025-11-11T18:14:57.248698
14336,16,896,6422528,sequential,12.027077,18.37,3221740,0,2025-11-11T18:15:37.468877
14336,16,896,6422528,sequential,11.924734,18.21,3221076,1,2025-11-11T18:15:59.582651
14336,16,896,6422528,sequential,12.006139,18.33,3221184,2,2025-11-11T18:16:19.692240
14336,16,896,6422528,sequential,11.837411,18.18,3222844,3,2025-11-11T18:16:39.802741
14336,16,896,6422528,sequential,11.956276,18.28,3222104,4,2025-11-11T18:16:59.910354
14336,16,896,6422528,omp-task,1.714662,8.04,3488696,0,2025-11-11T18:17:22.052481
14336,16,896,6422528,omp-task,1.71134,8.06,3490952,1,2025-11-11T18:17:32.118456
14336,16,896,6422528,omp-task,1.730708,8.06,3490520,2,2025-11-11T18:17:44.192941
14336,16,896,6422528,omp-task,1.683252,7.98,3487264,3,2025-11-11T18:17:54.314878
14336,16,896,6422528,omp-task,1.731848,8.04,3492988,4,2025-11-11T18:18:06.390660
14336,16,896,6422528,virtual-fifo,30.966246,37.27,7238708,0,2025-11-11T18:19:26.773107
14336,16,896,6422528,virtual-fifo,30.975138,37.31,7240060,1,2025-11-11T18:20:04.958591
14336,16,896,6422528,virtual-fifo,31.032593,37.3,7248980,2,2025-11-11T18:20:43.144278
14336,16,896,6422528,virtual-fifo,30.962177,37.32,7240124,3,2025-11-11T18:21:23.331232
14336,16,896,6422528,virtual-fifo,30.850139,37.11,7249248,4,2025-11-11T18:22:03.517625
14336,32,448,1605632,sequential,12.624773,18.96,3221584,0,2025-11-11T18:22:47.757435
14336,32,448,1605632,sequential,12.650845,19.0,3220788,1,2025-11-11T18:23:09.876448
14336,32,448,1605632,sequential,12.649681,19.0,3220788,2,2025-11-11T18:23:29.984114
14336,32,448,1605632,sequential,12.615969,18.94,3220024,3,2025-11-11T18:23:50.094017
14336,32,448,1605632,sequential,12.6455,19.0,3220816,4,2025-11-11T18:24:12.208763
14336,32,448,1605632,omp-task,1.250579,7.59,3414252,0,2025-11-11T18:24:32.343206
14336,32,448,1605632,omp-task,1.252158,7.57,3418984,1,2025-11-11T18:24:42.411794
14336,32,448,1605632,omp-task,1.236096,7.6,3399628,2,2025-11-11T18:24:52.481077
14336,32,448,1605632,omp-task,1.235279,7.54,3406092,3,2025-11-11T18:25:02.547233
14336,32,448,1605632,omp-task,1.256405,7.59,3409740,4,2025-11-11T18:25:12.615031
16384,1,16384,2147483648,sequential,16.624026,27.76,4252412,0,2025-11-11T18:26:14.931292
16384,1,16384,2147483648,sequential,16.566423,27.51,4252672,1,2025-11-11T18:26:43.074039
16384,1,16384,2147483648,sequential,16.680129,28.05,4251308,2,2025-11-11T18:27:15.233922
16384,1,16384,2147483648,sequential,16.779154,27.77,4252632,3,2025-11-11T18:27:45.385339
16384,1,16384,2147483648,sequential,16.86331,27.74,4252216,4,2025-11-11T18:28:17.543523
16384,1,16384,2147483648,omp-task,38.413952,49.46,4333064,0,2025-11-11T18:29:58.009811
16384,1,16384,2147483648,omp-task,38.3996,49.46,4316788,1,2025-11-11T18:30:50.254946
16384,1,16384,2147483648,omp-task,38.356685,49.58,4313412,2,2025-11-11T18:31:42.498945
16384,1,16384,2147483648,omp-task,38.315293,49.44,4332256,3,2025-11-11T18:32:34.737182
16384,2,8192,536870912,sequential,16.784396,27.82,4228808,0,2025-11-11T18:34:25.277527
16384,2,8192,536870912,sequential,16.658123,28.02,4227188,1,2025-11-11T18:34:55.434988
16384,2,8192,536870912,sequential,16.754105,27.88,4228200,2,2025-11-11T18:35:25.589010
16384,2,8192,536870912,sequential,16.823963,28.21,4227720,3,2025-11-11T18:35:55.742301
16384,2,8192,536870912,sequential,16.772928,27.88,4227144,4,2025-11-11T18:36:25.899785
16384,2,8192,536870912,omp-task,38.738765,50.04,4297360,0,2025-11-11T18:38:08.388568
16384,2,8192,536870912,omp-task,38.711999,49.6,4310336,1,2025-11-11T18:39:00.638183
16384,2,8192,536870912,omp-task,38.734152,49.95,4290780,2,2025-11-11T18:39:52.880279
16384,2,8192,536870912,omp-task,38.880222,50.53,4292720,3,2025-11-11T18:40:45.127328
16384,2,8192,536870912,omp-task,38.683339,49.69,4305676,4,2025-11-11T18:41:37.367398
16384,2,8192,536870912,virtual-fifo,39.673221,50.75,6918184,0,2025-11-11T18:43:21.864309
16384,2,8192,536870912,virtual-fifo,39.793795,50.83,6922052,1,2025-11-11T18:44:16.119832
16384,2,8192,536870912,virtual-fifo,39.739241,51.06,6924852,2,2025-11-11T18:45:10.373452
16384,2,8192,536870912,virtual-fifo,39.73733,50.97,6923668,3,2025-11-11T18:46:04.621683
16384,2,8192,536870912,virtual-fifo,39.74791,50.89,6918124,4,2025-11-11T18:46:58.870678
16384,4,4096,134217728,sequential,17.155285,28.25,4215908,0,2025-11-11T18:48:01.184628
16384,4,4096,134217728,sequential,17.323857,28.5,4214588,1,2025-11-11T18:48:33.343811
16384,4,4096,134217728,sequential,16.904191,28.04,4215636,2,2025-11-11T18:49:03.499480
16384,4,4096,134217728,sequential,16.917351,27.92,4214104,3,2025-11-11T18:49:33.649500
16384,4,4096,134217728,sequential,16.901971,27.81,4215836,4,2025-11-11T18:50:05.804839
16384,4,4096,134217728,omp-task,16.164057,27.61,4360348,0,2025-11-11T18:51:02.086737
16384,4,4096,134217728,omp-task,16.176918,27.69,4356576,1,2025-11-11T18:51:32.234092
16384,4,4096,134217728,omp-task,17.561121,28.61,4361652,2,2025-11-11T18:52:02.379685
16384,4,4096,134217728,omp-task,16.170037,27.19,4371916,3,2025-11-11T18:52:32.529081
16384,4,4096,134217728,omp-task,17.301692,28.57,4354388,4,2025-11-11T18:53:04.684984
16384,4,4096,134217728,virtual-fifo,40.38205,51.51,7432620,0,2025-11-11T18:54:49.166897
16384,4,4096,134217728,virtual-fifo,40.414125,51.71,7431060,1,2025-11-11T18:55:43.412142
16384,4,4096,134217728,virtual-fifo,40.40431,51.4,7430712,2,2025-11-11T18:56:37.647997
16384,4,4096,134217728,virtual-fifo,40.370812,51.43,7449204,3,2025-11-11T18:57:31.903290
16384,4,4096,134217728,virtual-fifo,40.325145,51.35,7449260,4,2025-11-11T18:58:26.155679
16384,8,2048,33554432,sequential,17.291567,28.64,4210036,0,2025-11-11T18:59:30.466096
16384,8,2048,33554432,sequential,17.452596,28.48,4208628,1,2025-11-11T19:00:02.625364
16384,8,2048,33554432,sequential,17.262836,28.47,4209004,2,2025-11-11T19:00:32.773034
16384,8,2048,33554432,sequential,17.200547,28.6,4210048,3,2025-11-11T19:01:02.927321
16384,8,2048,33554432,sequential,17.298901,28.55,4208872,4,2025-11-11T19:01:33.076692
16384,8,2048,33554432,omp-task,5.789619,17.14,4511972,0,2025-11-11T19:02:13.289733
16384,8,2048,33554432,omp-task,5.557204,16.63,4501560,1,2025-11-11T19:02:33.396158
16384,8,2048,33554432,omp-task,5.767725,17.2,4506160,2,2025-11-11T19:02:51.498564
16384,8,2048,33554432,omp-task,5.54719,16.9,4504264,3,2025-11-11T19:03:09.601387
16384,8,2048,33554432,omp-task,5.471276,16.72,4500460,4,2025-11-11T19:03:27.703935
16384,8,2048,33554432,virtual-fifo,41.957312,53.04,8154488,0,2025-11-11T19:05:18.230808
16384,8,2048,33554432,virtual-fifo,42.196371,53.16,8148656,1,2025-11-11T19:06:14.480259
16384,8,2048,33554432,virtual-fifo,41.997262,53.31,8147388,2,2025-11-11T19:07:08.725577
16384,8,2048,33554432,virtual-fifo,42.054289,53.22,8140840,3,2025-11-11T19:08:02.983743
16384,8,2048,33554432,virtual-fifo,42.355736,53.85,8154572,4,2025-11-11T19:08:57.233493
16384,16,1024,8388608,sequential,18.016826,29.25,4207380,1,2025-11-11T19:10:27.698599
16384,16,1024,8388608,sequential,17.918371,29.33,4204884,2,2025-11-11T19:10:57.850121
16384,16,1024,8388608,sequential,17.799999,28.93,4205504,3,2025-11-11T19:11:28.016874
16384,16,1024,8388608,sequential,17.788421,28.89,4205872,4,2025-11-11T19:12:00.180552
16384,16,1024,8388608,omp-task,2.592237,13.99,4473996,0,2025-11-11T19:12:32.367609
16384,16,1024,8388608,omp-task,2.594322,13.75,4471544,1,2025-11-11T19:12:48.463200
16384,16,1024,8388608,omp-task,2.557631,13.76,4471928,2,2025-11-11T19:13:04.559901
16384,16,1024,8388608,omp-task,2.568315,13.71,4470056,3,2025-11-11T19:13:20.654081
16384,16,1024,8388608,omp-task,2.571186,13.47,4480292,4,2025-11-11T19:13:36.743580
16384,16,1024,8388608,virtual-fifo,44.936791,56.39,9426196,0,2025-11-11T19:15:35.306908
16384,16,1024,8388608,virtual-fifo,44.826788,56.08,9437188,1,2025-11-11T19:16:33.583261
16384,16,1024,8388608,virtual-fifo,44.910411,55.94,9423632,2,2025-11-11T19:17:33.867812
16384,16,1024,8388608,virtual-fifo,44.852069,55.93,9429628,3,2025-11-11T19:18:34.150612
16384,16,1024,8388608,virtual-fifo,44.952405,56.12,9422472,4,2025-11-11T19:19:32.422107
16384,32,512,2097152,sequential,19.629443,30.77,4203864,0,2025-11-11T19:20:38.753584
16384,32,512,2097152,sequential,19.834717,30.99,4204628,1,2025-11-11T19:21:12.922467
16384,32,512,2097152,sequential,19.51307,30.68,4203448,2,2025-11-11T19:21:45.084890
16384,32,512,2097152,sequential,19.612079,30.84,4205124,3,2025-11-11T19:22:19.256914
16384,32,512,2097152,sequential,19.904611,31.34,4204164,4,2025-11-11T19:22:53.428030
16384,32,512,2097152,omp-task,1.837215,13.05,4484036,0,2025-11-11T19:23:21.602723
16384,32,512,2097152,omp-task,1.825276,12.98,4493440,1,2025-11-11T19:23:35.687191
16384,32,512,2097152,omp-task,1.834433,13.03,4483520,2,2025-11-11T19:23:49.770281
16384,32,512,2097152,omp-task,1.8218,12.88,4488124,3,2025-11-11T19:24:03.855147
16384,32,512,2097152,omp-task,1.830002,12.99,4504784,4,2025-11-11T19:24:17.941108
